sc-jGFFOr href,sc-s1isp7-5 src,sc-1hez2tp-0 2,sc-1hp8d8a-0,sc-1q7bklc-1,sc-1hez2tp-0 3,sc-1hez2tp-0 4,sc-s1isp7-5 src 2,sc-s1isp7-5 src 3,sc-s1isp7-5 src 4,sc-s1isp7-5 src 5,sc-s1isp7-5 src 6,sc-s1isp7-5 src 7,sc-jGFFOr href 2,sc-s1isp7-5 src 8,sc-1hez2tp-0 9,sc-1hp8d8a-0 2,sc-1q7bklc-1 2,sc-1hez2tp-0 10,sc-s1isp7-5 src 9,sc-s1isp7-5 src 10,sc-s1isp7-5 src 11,sc-s1isp7-5 src 13,sc-s1isp7-5 src 14,sc-jGFFOr href 3,sc-s1isp7-5 src 15,sc-1hez2tp-0 16,sc-1hp8d8a-0 3,sc-1q7bklc-1 3,sc-1hez2tp-0 17,sc-s1isp7-5 src 16,sc-s1isp7-5 src 17,sc-1hez2tp-0 20,sc-s1isp7-5 src 18,sc-s1isp7-5 src 19,sc-s1isp7-5 src 20,sc-s1isp7-5 src 21,sc-1q7bklc-1 4,sc-s1isp7-5 src 22,sc-s1isp7-5 src 23
https://www.zomato.com/mumbai/farhang-restaurant-1-fort/order,https://b.zmtcdn.com/data/pictures/0/18486420/29ac066e8323a0c6aa54962201af39fb_o2_featured_v2.jpg,24 min,Farhang Restaurant,4.1,"Mughlai, Chinese, North Indian, Sichuan",₹200 for one,https://b.zmtcdn.com/data/o2_assets/4bf016f32f05d26242cea342f30d47a31595763089.png,https://b.zmtcdn.com/data/o2_assets/695598f38d29d0e5d3f8ffe57cfdb94c1613145422.png,https://www.zomato.com/mumbai/churchgate-restaurants,https://b.zmtcdn.com/data/o2_assets/695598f38d29d0e5d3f8ffe57cfdb94c1613145422.png,https://b.zmtcdn.com/data/o2_assets/4bf016f32f05d26242cea342f30d47a31595763089.png,https://www.zomato.com/mumbai/churchgate-restaurants,https://www.zomato.com/mumbai/bharat-restaurant-mohammad-ali-road/order,https://b.zmtcdn.com/data/pictures/6/49996/8ae32e69096a682f094d9e418df35298_o2_featured_v2.jpg,35 min,Bharat Restaurant,3.2,"Mughlai, Chinese, North Eastern, Biryani, Fast Food",https://b.zmtcdn.com/data/o2_assets/4bf016f32f05d26242cea342f30d47a31595763089.png,https://b.zmtcdn.com/data/o2_assets/0b07ef18234c6fdf9365ad1c274ae0631612687510.png,https://www.zomato.com/mumbai/churchgate-restaurants,https://b.zmtcdn.com/data/o2_assets/4bf016f32f05d26242cea342f30d47a31595763089.png,https://www.zomato.com/mumbai/churchgate-restaurants,https://www.zomato.com/mumbai/sbarro-new-york-pizza-fort/order,https://b.zmtcdn.com/data/pictures/chains/4/43984/97293d96278f57d63c60822cbba7fe6c_o2_featured_v2.jpg,24 min,Sbarro - New York Pizza,3.8,"Pizza, Fast Food, Italian",https://b.zmtcdn.com/data/o2_assets/4bf016f32f05d26242cea342f30d47a31595763089.png,https://b.zmtcdn.com/data/o2_assets/0b07ef18234c6fdf9365ad1c274ae0631612687510.png,Follows all Max Safety measures to ensure your food is safe,https://www.zomato.com/mumbai/churchgate-restaurants,https://b.zmtcdn.com/data/o2_assets/0b07ef18234c6fdf9365ad1c274ae0631612687510.png,https://b.zmtcdn.com/data/o2_assets/4bf016f32f05d26242cea342f30d47a31595763089.png,https://www.zomato.com/mumbai/churchgate-restaurants,,,
https://www.zomato.com/mumbai/mao-family-restaurant-kalbadevi/order,https://b.zmtcdn.com/data/pictures/1/49181/8e43f5402f57ec4ef3e37b8c9901b3da_o2_featured_v2.jpg,21 min,Mao Family Restaurant,4.1,"Mughlai, North Indian, Chinese, Seafood, Biryani, Arabian, Lebanese, Sichuan",₹200 for one,https://b.zmtcdn.com/data/o2_assets/4bf016f32f05d26242cea342f30d47a31595763089.png,https://b.zmtcdn.com/data/o2_assets/0b07ef18234c6fdf9365ad1c274ae0631612687510.png,https://www.zomato.com/mumbai/churchgate-restaurants,https://b.zmtcdn.com/data/o2_assets/0b07ef18234c6fdf9365ad1c274ae0631612687510.png,https://b.zmtcdn.com/data/o2_assets/4bf016f32f05d26242cea342f30d47a31595763089.png,https://b.zmtcdn.com/data/o2_assets/695598f38d29d0e5d3f8ffe57cfdb94c1613145422.png,https://www.zomato.com/mumbai/cake-centre-the-dessert-maker-mohammad-ali-road/order,https://b.zmtcdn.com/data/pictures/chains/6/18785956/fc88c792cc5ffb3f0b06f68acd989535_o2_featured_v2.jpg,24 min,Cake Centre-The Dessert Maker,,"Bakery, Desserts",https://b.zmtcdn.com/data/o2_assets/4bf016f32f05d26242cea342f30d47a31595763089.png,https://b.zmtcdn.com/data/o2_assets/0b07ef18234c6fdf9365ad1c274ae0631612687510.png,https://www.zomato.com/mumbai/churchgate-restaurants,https://b.zmtcdn.com/data/o2_assets/4bf016f32f05d26242cea342f30d47a31595763089.png,https://www.zomato.com/mumbai/churchgate-restaurants,https://www.zomato.com/mumbai/vasant-sagar-nariman-point/order,https://b.zmtcdn.com/data/pictures/2/44722/43a713ac29ee3fb056571610b869461b_o2_featured_v2.jpg,22 min,Vasant Sagar,4,"South Indian, Street Food, Fast Food, Chinese, Pizza, Sandwich, Desserts, Beverages",https://b.zmtcdn.com/data/o2_assets/4bf016f32f05d26242cea342f30d47a31595763089.png,https://b.zmtcdn.com/data/o2_assets/695598f38d29d0e5d3f8ffe57cfdb94c1613145422.png,Restaurant partner follows WHO protocol,https://www.zomato.com/mumbai/churchgate-restaurants,https://b.zmtcdn.com/data/o2_assets/4bf016f32f05d26242cea342f30d47a31595763089.png,https://www.zomato.com/mumbai/churchgate-restaurants,,3.9,https://www.zomato.com/mumbai/churchgate-restaurants,
https://www.zomato.com/mumbai/gajraj-chinese-centre-tardeo/order,https://b.zmtcdn.com/data/pictures/5/16538625/a062b7046e8d291c9417a99e777cb121_o2_featured_v2.jpg,34 min,Gajraj Chinese Centre,3.6,"Chinese, Sichuan",₹200 for one,https://www.zomato.com/mumbai/churchgate-restaurants,https://www.zomato.com/mumbai/churchgate-restaurants,https://www.zomato.com/mumbai/churchgate-restaurants,https://www.zomato.com/mumbai/churchgate-restaurants,https://www.zomato.com/mumbai/churchgate-restaurants,,https://www.zomato.com/mumbai/subway-1-fort/order,https://b.zmtcdn.com/data/pictures/chains/4/35004/7abe3076782b928c1ae27197f0af9dff_o2_featured_v2.jpg,21 min,Subway,,"Healthy Food, Fast Food, Sandwich, Salad, Wraps, Beverages",https://www.zomato.com/mumbai/churchgate-restaurants,https://www.zomato.com/mumbai/churchgate-restaurants,https://www.zomato.com/mumbai/churchgate-restaurants,,https://www.zomato.com/mumbai/churchgate-restaurants,https://www.zomato.com/mumbai/chinese-wok-churchgate/order,https://b.zmtcdn.com/data/pictures/chains/3/18216863/8be9fb314f005ee33d42a82811a294f2_o2_featured_v2.jpg,18 min,Chinese Wok,3.7,"Chinese, Asian, Momos",,,Follows all Max Safety measures to ensure your food is safe,https://www.zomato.com/mumbai/churchgate-restaurants,,,https://www.zomato.com/mumbai/churchgate-restaurants,3.9,https://www.zomato.com/mumbai/churchgate-restaurants,
https://www.zomato.com/mumbai/shiv-sagar-churchgate/order,https://b.zmtcdn.com/data/pictures/chains/1/34391/7a5787535d13a8a30b4fd9297e8cd402_o2_featured_v2.jpg,20 min,Shiv Sagar,3.6,"Fast Food, Chinese, South Indian, Mexican, Italian, North Indian, Desserts, Beverages",₹200 for one,https://b.zmtcdn.com/data/o2_assets/4bf016f32f05d26242cea342f30d47a31595763089.png,https://b.zmtcdn.com/data/o2_assets/4bf016f32f05d26242cea342f30d47a31595763089.png,https://www.zomato.com/mumbai/churchgate-restaurants,,,,https://www.zomato.com/mumbai/kfc-fort/order,https://b.zmtcdn.com/data/pictures/chains/7/37327/70372b1137630455e2dbf24bb142c14b_o2_featured_v2.jpg,23 min,KFC,,"Burger, Fast Food, Biryani, Beverages, Desserts",,https://b.zmtcdn.com/data/o2_assets/0b07ef18234c6fdf9365ad1c274ae0631612687510.png,,https://b.zmtcdn.com/data/o2_assets/4bf016f32f05d26242cea342f30d47a31595763089.png,https://www.zomato.com/mumbai/churchgate-restaurants,https://www.zomato.com/mumbai/the-belgian-waffle-co-chowpatty/order,https://b.zmtcdn.com/data/pictures/chains/3/18140523/64e328ee2b6fe4d82aa36f2f5213f737_o2_featured_v2.jpg,27 min,The Belgian Waffle Co.,4,"Waffle, Pancake, Ice Cream, Desserts, Beverages",https://b.zmtcdn.com/data/o2_assets/4bf016f32f05d26242cea342f30d47a31595763089.png,https://b.zmtcdn.com/data/o2_assets/0b07ef18234c6fdf9365ad1c274ae0631612687510.png,Follows all Max Safety measures to ensure your food is safe,https://www.zomato.com/mumbai/churchgate-restaurants,https://b.zmtcdn.com/data/o2_assets/0b07ef18234c6fdf9365ad1c274ae0631612687510.png,https://b.zmtcdn.com/data/o2_assets/4bf016f32f05d26242cea342f30d47a31595763089.png,https://www.zomato.com/mumbai/churchgate-restaurants,4,,
https://www.zomato.com/mumbai/theobroma-fort/order,https://b.zmtcdn.com/data/pictures/chains/7/34407/bae530041578e324be353b83cadff743_o2_featured_v2.jpg,18 min,Theobroma,4.2,"Bakery, Desserts, Beverages",₹150 for one,https://b.zmtcdn.com/data/o2_assets/4bf016f32f05d26242cea342f30d47a31595763089.png,https://b.zmtcdn.com/data/o2_assets/0b07ef18234c6fdf9365ad1c274ae0631612687510.png,https://www.zomato.com/mumbai/churchgate-restaurants,https://b.zmtcdn.com/data/o2_assets/0b07ef18234c6fdf9365ad1c274ae0631612687510.png,https://b.zmtcdn.com/data/o2_assets/4bf016f32f05d26242cea342f30d47a31595763089.png,,https://www.zomato.com/mumbai/behrouz-biryani-colaba/order,https://b.zmtcdn.com/data/pictures/chains/1/18368221/7d1d6155fa28b3864c1f71342eea8b1c_o2_featured_v2.jpg,22 min,Behrouz Biryani,4.2,"Biryani, Kebab, Hyderabadi, Lucknowi",https://b.zmtcdn.com/data/o2_assets/4bf016f32f05d26242cea342f30d47a31595763089.png,https://b.zmtcdn.com/data/o2_assets/0b07ef18234c6fdf9365ad1c274ae0631612687510.png,https://www.zomato.com/mumbai/churchgate-restaurants,https://b.zmtcdn.com/data/o2_assets/4bf016f32f05d26242cea342f30d47a31595763089.png,https://www.zomato.com/mumbai/churchgate-restaurants,https://www.zomato.com/mumbai/deliure-the-eatrium-byculla/order,https://b.zmtcdn.com/data/pictures/chains/5/18140605/60e2168970340588c9e8e710ac1c24e7_o2_featured_v2.jpg,32 min,Deliure & The Eatrium,4.3,"Desserts, Mithai, Fast Food, Street Food, Burger, Sandwich, Pizza, Beverages",https://b.zmtcdn.com/data/o2_assets/4bf016f32f05d26242cea342f30d47a31595763089.png,https://b.zmtcdn.com/data/o2_assets/0b07ef18234c6fdf9365ad1c274ae0631612687510.png,Follows all Max Safety measures to ensure your food is safe,https://www.zomato.com/mumbai/churchgate-restaurants,https://b.zmtcdn.com/data/o2_assets/0b07ef18234c6fdf9365ad1c274ae0631612687510.png,https://b.zmtcdn.com/data/o2_assets/4bf016f32f05d26242cea342f30d47a31595763089.png,https://www.zomato.com/mumbai/churchgate-restaurants,,https://www.zomato.com/mumbai/churchgate-restaurants,
https://www.zomato.com/mumbai/faasos-wraps-rolls-fort/order,https://b.zmtcdn.com/data/pictures/chains/0/37750/fecf7e912cb21ae5c71ea1bfb4f63360_o2_featured_v2.jpg,30 min,Faasos - Wraps & Rolls,4.1,"Rolls, Fast Food, Wraps, Desserts",₹150 for one,https://www.zomato.com/mumbai/churchgate-restaurants,https://www.zomato.com/mumbai/churchgate-restaurants,https://www.zomato.com/mumbai/churchgate-restaurants,https://www.zomato.com/mumbai/churchgate-restaurants,https://www.zomato.com/mumbai/churchgate-restaurants,https://www.zomato.com/mumbai/churchgate-restaurants,https://www.zomato.com/mumbai/b-bhagat-tarachand-marine-lines/order,https://b.zmtcdn.com/data/pictures/3/41713/70f0a294bbee66920a753c041d2670ea_o2_featured_v2.jpg,34 min,B Bhagat Tarachand,,"North Indian, Street Food",https://www.zomato.com/mumbai/churchgate-restaurants,https://www.zomato.com/mumbai/churchgate-restaurants,https://www.zomato.com/mumbai/churchgate-restaurants,https://www.zomato.com/mumbai/churchgate-restaurants,https://www.zomato.com/mumbai/churchgate-restaurants,https://www.zomato.com/mumbai/sukh-sagar-chowpatty/order,https://b.zmtcdn.com/data/pictures/0/32900/dc499ef20bfb3887351d8e5d5a59572f_o2_featured_v2.jpg,22 min,Sukh Sagar,4,"North Indian, South Indian, Chinese, Street Food",https://www.zomato.com/mumbai/churchgate-restaurants,https://www.zomato.com/mumbai/churchgate-restaurants,Restaurant partner follows WHO protocol,https://www.zomato.com/mumbai/churchgate-restaurants,https://www.zomato.com/mumbai/churchgate-restaurants,https://www.zomato.com/mumbai/churchgate-restaurants,,3.9,https://www.zomato.com/mumbai/churchgate-restaurants,
https://www.zomato.com/mumbai/desi-curry-fort/order,https://www.zomato.com/mumbai/churchgate-restaurants,26 min,Desi Curry,,"Maharashtrian, Seafood",₹150 for one,https://www.zomato.com/mumbai/churchgate-restaurants,https://www.zomato.com/mumbai/churchgate-restaurants,https://www.zomato.com/mumbai/churchgate-restaurants,https://www.zomato.com/mumbai/churchgate-restaurants,https://www.zomato.com/mumbai/churchgate-restaurants,https://www.zomato.com/mumbai/churchgate-restaurants,https://www.zomato.com/mumbai/oye-kiddan-fort/order,https://www.zomato.com/mumbai/churchgate-restaurants,32 min,Oye Kiddan,3.4,"North Indian, Street Food, Beverages, Desserts",https://www.zomato.com/mumbai/churchgate-restaurants,https://www.zomato.com/mumbai/churchgate-restaurants,https://www.zomato.com/mumbai/churchgate-restaurants,https://www.zomato.com/mumbai/churchgate-restaurants,https://www.zomato.com/mumbai/churchgate-restaurants,https://www.zomato.com/mumbai/mad-over-donuts-fort/order,https://www.zomato.com/mumbai/churchgate-restaurants,18 min,Mad Over Donuts,3.8,"Desserts, Waffle, Beverages",https://www.zomato.com/mumbai/churchgate-restaurants,https://www.zomato.com/mumbai/churchgate-restaurants,Follows all Max Safety measures to ensure your food is safe,https://www.zomato.com/mumbai/churchgate-restaurants,,,https://www.zomato.com/mumbai/churchgate-restaurants,3.8,https://www.zomato.com/mumbai/churchgate-restaurants,https://www.zomato.com/mumbai/churchgate-restaurants
https://www.zomato.com/mumbai/baskin-robbins-1-colaba/order,https://www.zomato.com/mumbai/churchgate-restaurants,19 min,Baskin Robbins,4.2,"Ice Cream, Desserts, Beverages",₹150 for one,https://www.zomato.com/mumbai/churchgate-restaurants,https://www.zomato.com/mumbai/churchgate-restaurants,https://www.zomato.com/mumbai/churchgate-restaurants,https://www.zomato.com/mumbai/churchgate-restaurants,https://www.zomato.com/mumbai/churchgate-restaurants,https://www.zomato.com/mumbai/churchgate-restaurants,https://www.zomato.com/mumbai/cafe-national-mahalaxmi/order,https://www.zomato.com/mumbai/churchgate-restaurants,32 min,Cafe National,,"Chinese, Shawarma, Mughlai, North Indian, Seafood, Biryani",https://www.zomato.com/mumbai/churchgate-restaurants,https://www.zomato.com/mumbai/churchgate-restaurants,https://www.zomato.com/mumbai/churchgate-restaurants,https://www.zomato.com/mumbai/churchgate-restaurants,https://www.zomato.com/mumbai/churchgate-restaurants,https://www.zomato.com/mumbai/r-bhagat-tarrachand-girgaum/order,https://www.zomato.com/mumbai/churchgate-restaurants,31 min,R Bhagat Tarrachand,4.2,"North Indian, Rajasthani, Gujarati, Beverages, Desserts",https://www.zomato.com/mumbai/churchgate-restaurants,https://www.zomato.com/mumbai/churchgate-restaurants,Restaurant partner follows WHO protocol,https://www.zomato.com/mumbai/churchgate-restaurants,,https://www.zomato.com/mumbai/churchgate-restaurants,,3.9,https://www.zomato.com/mumbai/churchgate-restaurants,https://www.zomato.com/mumbai/churchgate-restaurants
https://www.zomato.com/mumbai/maji-sagar-1-tardeo/order,https://www.zomato.com/mumbai/churchgate-restaurants,34 min,Maji Sagar,4.2,"Chinese, North Indian, South Indian",₹100 for one,https://www.zomato.com/mumbai/churchgate-restaurants,https://www.zomato.com/mumbai/churchgate-restaurants,https://www.zomato.com/mumbai/churchgate-restaurants,https://www.zomato.com/mumbai/churchgate-restaurants,https://www.zomato.com/mumbai/churchgate-restaurants,https://www.zomato.com/mumbai/churchgate-restaurants,https://www.zomato.com/mumbai/flax-breach-candy/order,https://www.zomato.com/mumbai/churchgate-restaurants,36 min,Flax,,"Healthy Food, Salad, Wraps, Fast Food, Juices, Beverages",https://www.zomato.com/mumbai/churchgate-restaurants,https://www.zomato.com/mumbai/churchgate-restaurants,https://www.zomato.com/mumbai/churchgate-restaurants,https://www.zomato.com/mumbai/churchgate-restaurants,https://www.zomato.com/mumbai/churchgate-restaurants,https://www.zomato.com/mumbai/simla-canteen-colaba/order,,29 min,Simla Canteen,3.8,"North Indian, Chinese, Mughlai",https://www.zomato.com/mumbai/churchgate-restaurants,https://www.zomato.com/mumbai/churchgate-restaurants,Follows all Max Safety measures to ensure your food is safe,https://www.zomato.com/mumbai/churchgate-restaurants,https://www.zomato.com/mumbai/churchgate-restaurants,,https://www.zomato.com/mumbai/churchgate-restaurants,3.8,https://www.zomato.com/mumbai/churchgate-restaurants,https://www.zomato.com/mumbai/churchgate-restaurants
https://www.zomato.com/mumbai/bombay-kitchen-grant-road/order,https://www.zomato.com/mumbai/churchgate-restaurants,33 min,Bombay Kitchen,,"Biryani, Chinese, Fast Food, North Indian, Sichuan",₹100 for one,https://www.zomato.com/mumbai/churchgate-restaurants,https://www.zomato.com/mumbai/churchgate-restaurants,https://www.zomato.com/mumbai/churchgate-restaurants,https://www.zomato.com/mumbai/churchgate-restaurants,https://www.zomato.com/mumbai/churchgate-restaurants,https://www.zomato.com/mumbai/churchgate-restaurants,https://www.zomato.com/mumbai/shaan-chinese-corner-fort/order,https://www.zomato.com/mumbai/churchgate-restaurants,27 min,Shaan Chinese Corner,3.5,"Chinese, North Indian, Arabian, Sichuan",,,https://www.zomato.com/mumbai/churchgate-restaurants,https://www.zomato.com/mumbai/churchgate-restaurants,https://www.zomato.com/mumbai/churchgate-restaurants,https://www.zomato.com/mumbai/flavor-cottage-mohammad-ali-road/order,,39 min,Flavor Cottage,4.1,"Mughlai, North Indian, Thai, Chinese, Rolls, Fast Food, Desserts",https://www.zomato.com/mumbai/churchgate-restaurants,https://www.zomato.com/mumbai/churchgate-restaurants,,,https://www.zomato.com/mumbai/churchgate-restaurants,,,4,https://www.zomato.com/mumbai/churchgate-restaurants,https://www.zomato.com/mumbai/churchgate-restaurants
https://www.zomato.com/mumbai/geeta-bhavan-kalbadevi/order,https://www.zomato.com/mumbai/churchgate-restaurants,26 min,Geeta Bhavan,3.9,"South Indian, North Indian, Chinese, Street Food, Sandwich, Fast Food, Shake, Sichuan",₹100 for one,https://www.zomato.com/mumbai/churchgate-restaurants,https://www.zomato.com/mumbai/churchgate-restaurants,https://www.zomato.com/mumbai/churchgate-restaurants,https://www.zomato.com/mumbai/churchgate-restaurants,https://www.zomato.com/mumbai/churchgate-restaurants,https://www.zomato.com/mumbai/churchgate-restaurants,https://www.zomato.com/mumbai/madras-cafe-colaba/order,https://www.zomato.com/mumbai/churchgate-restaurants,22 min,Madras Cafe,,"South Indian, North Indian, Chinese, Fast Food, Beverages, Sichuan",,,https://www.zomato.com/mumbai/churchgate-restaurants,https://www.zomato.com/mumbai/churchgate-restaurants,https://www.zomato.com/mumbai/churchgate-restaurants,https://www.zomato.com/mumbai/la-pinoz-pizza-1-kemps-corner/order,https://www.zomato.com/mumbai/churchgate-restaurants,23 min,La Pino'z Pizza,3.7,"Pizza, Italian, Pasta, Fast Food, Beverages, Desserts",https://www.zomato.com/mumbai/churchgate-restaurants,https://www.zomato.com/mumbai/churchgate-restaurants,,,https://www.zomato.com/mumbai/churchgate-restaurants,,,3.9,,https://www.zomato.com/mumbai/churchgate-restaurants
https://www.zomato.com/mumbai/natural-ice-cream-2-churchgate/order,https://www.zomato.com/mumbai/churchgate-restaurants,13 min,Natural Ice Cream,4.5,"Ice Cream, Desserts, Beverages",₹100 for one,https://www.zomato.com/mumbai/churchgate-restaurants,https://www.zomato.com/mumbai/churchgate-restaurants,https://www.zomato.com/mumbai/churchgate-restaurants,https://www.zomato.com/mumbai/churchgate-restaurants,https://www.zomato.com/mumbai/churchgate-restaurants,https://www.zomato.com/mumbai/churchgate-restaurants,https://www.zomato.com/mumbai/nic-ice-creams-fort/order,https://www.zomato.com/mumbai/churchgate-restaurants,18 min,NIC Ice Creams,4.6,"Ice Cream, Desserts",,,https://www.zomato.com/mumbai/churchgate-restaurants,https://www.zomato.com/mumbai/churchgate-restaurants,https://www.zomato.com/mumbai/churchgate-restaurants,https://www.zomato.com/mumbai/merwans-cake-stop-colaba/order,https://www.zomato.com/mumbai/churchgate-restaurants,19 min,Merwans Cake Stop,4.3,"Bakery, Desserts, Fast Food, Rolls, Pizza",https://www.zomato.com/mumbai/churchgate-restaurants,https://www.zomato.com/mumbai/churchgate-restaurants,,,https://www.zomato.com/mumbai/churchgate-restaurants,,,,,https://www.zomato.com/mumbai/churchgate-restaurants
https://www.zomato.com/mumbai/meraki-marine-lines/order,https://b.zmtcdn.com/data/pictures/9/19832859/8a41e3b69cbf44a94e42292e4c813e24_o2_featured_v2.jpg,25 min,Meraki,3.9,"Chinese, Asian, Fast Food",₹350 for one,https://b.zmtcdn.com/data/o2_assets/4bf016f32f05d26242cea342f30d47a31595763089.png,https://b.zmtcdn.com/data/o2_assets/4bf016f32f05d26242cea342f30d47a31595763089.png,https://www.zomato.com/mumbai/churchgate-restaurants,,,,https://www.zomato.com/mumbai/starboy-pizza-shakes-mohammad-ali-road/order,https://b.zmtcdn.com/data/pictures/chains/4/19151724/bb20ba904ac625a674e08becb5eb123c_o2_featured_v2.jpg,37 min,Starboy Pizza & Shakes,,"Pizza, Italian, Desserts, Shake, Beverages",,https://b.zmtcdn.com/data/o2_assets/0b07ef18234c6fdf9365ad1c274ae0631612687510.png,,https://b.zmtcdn.com/data/o2_assets/4bf016f32f05d26242cea342f30d47a31595763089.png,https://www.zomato.com/mumbai/churchgate-restaurants,https://www.zomato.com/mumbai/ovenstory-pizza-fort/order,,45 min,Ovenstory Pizza,4,"Pizza, Fast Food",https://b.zmtcdn.com/data/o2_assets/4bf016f32f05d26242cea342f30d47a31595763089.png,https://b.zmtcdn.com/data/o2_assets/0b07ef18234c6fdf9365ad1c274ae0631612687510.png,Follows all Max Safety measures to ensure your food is safe,https://www.zomato.com/mumbai/churchgate-restaurants,https://b.zmtcdn.com/data/o2_assets/0b07ef18234c6fdf9365ad1c274ae0631612687510.png,https://b.zmtcdn.com/data/o2_assets/4bf016f32f05d26242cea342f30d47a31595763089.png,https://www.zomato.com/mumbai/churchgate-restaurants,3.9,,https://b.zmtcdn.com/data/pictures/chains/0/18386400/a637f7be26b117b3950c3b4d3b505cd8_o2_featured_v2.jpg
https://www.zomato.com/mumbai/kwality-walls-frozen-dessert-and-ice-cream-shop-9-nariman-point/order,https://b.zmtcdn.com/data/pictures/chains/1/19015111/b62a5cf0ae92446aef6425255d0b6890_o2_featured_v2.jpg,17 min,Kwality Wall’s Frozen Dessert and Ice Cream Shop,4.3,"Ice Cream, Desserts",₹350 for one,https://www.zomato.com/mumbai/churchgate-restaurants,https://www.zomato.com/mumbai/churchgate-restaurants,https://www.zomato.com/mumbai/churchgate-restaurants,https://www.zomato.com/mumbai/churchgate-restaurants,https://www.zomato.com/mumbai/churchgate-restaurants,,https://www.zomato.com/mumbai/mojo-pizza-2x-toppings-fort/order,https://b.zmtcdn.com/data/pictures/chains/7/18431547/4e2654de938e0657dd8b1ca3efb05f50_o2_featured_v2.jpg,30 min,MOJO Pizza - 2X Toppings,,"Wraps, North Indian, Fast Food, Biryani, Ice Cream, Desserts, Beverages",,,https://www.zomato.com/mumbai/churchgate-restaurants,,https://www.zomato.com/mumbai/churchgate-restaurants,https://www.zomato.com/mumbai/wow-momo-1-nariman-point/order,,23 min,WOW! Momo,3.9,"Momos, Fast Food",,,,,,,,4,https://www.zomato.com/mumbai/churchgate-restaurants,https://b.zmtcdn.com/data/pictures/chains/8/18577178/e08e836b03ae92d2d827a99fa5124b99_o2_featured_v2.jpg
https://www.zomato.com/mumbai/pizza-caprina-peddar-road/order,https://www.zomato.com/mumbai/churchgate-restaurants,29 min,Pizza Caprina,4.2,"Pizza, Pasta, Sandwich, Fast Food, Salad",₹350 for one,https://www.zomato.com/mumbai/churchgate-restaurants,https://www.zomato.com/mumbai/churchgate-restaurants,https://www.zomato.com/mumbai/churchgate-restaurants,https://www.zomato.com/mumbai/churchgate-restaurants,https://www.zomato.com/mumbai/churchgate-restaurants,https://www.zomato.com/mumbai/churchgate-restaurants,https://www.zomato.com/mumbai/hotel-shree-g-bhagat-tarachand-kalbadevi/order,https://www.zomato.com/mumbai/churchgate-restaurants,24 min,Hotel Shree G. Bhagat Tarachand,,"North Indian, Beverages, Desserts",https://www.zomato.com/mumbai/churchgate-restaurants,https://www.zomato.com/mumbai/churchgate-restaurants,https://www.zomato.com/mumbai/churchgate-restaurants,https://www.zomato.com/mumbai/churchgate-restaurants,https://www.zomato.com/mumbai/churchgate-restaurants,https://www.zomato.com/mumbai/box8-desi-meals-fort/order,,30 min,BOX8 - Desi Meals,4.2,"North Indian, Biryani, Fast Food, Wraps, Ice Cream, Desserts, Beverages",https://www.zomato.com/mumbai/churchgate-restaurants,https://www.zomato.com/mumbai/churchgate-restaurants,Follows all Max Safety measures to ensure your food is safe,https://www.zomato.com/mumbai/churchgate-restaurants,https://www.zomato.com/mumbai/churchgate-restaurants,,https://www.zomato.com/mumbai/churchgate-restaurants,3.9,https://www.zomato.com/mumbai/churchgate-restaurants,https://www.zomato.com/mumbai/churchgate-restaurants
https://www.zomato.com/mumbai/smokin-joes-colaba/order,https://www.zomato.com/mumbai/churchgate-restaurants,21 min,Smokin' Joe's,4.4,"Pizza, Fast Food",₹350 for one,https://www.zomato.com/mumbai/churchgate-restaurants,https://www.zomato.com/mumbai/churchgate-restaurants,https://www.zomato.com/mumbai/churchgate-restaurants,https://www.zomato.com/mumbai/churchgate-restaurants,https://www.zomato.com/mumbai/churchgate-restaurants,,https://www.zomato.com/mumbai/sandwizzaa-fort/order,https://www.zomato.com/mumbai/churchgate-restaurants,24 min,Sandwizzaa,,"Sandwich, Beverages",https://www.zomato.com/mumbai/churchgate-restaurants,https://www.zomato.com/mumbai/churchgate-restaurants,https://www.zomato.com/mumbai/churchgate-restaurants,,https://www.zomato.com/mumbai/churchgate-restaurants,https://www.zomato.com/mumbai/jumboking-indian-burger-charni-road/order,,19 min,Jumboking Indian Burger,3.9,"Burger, Fast Food",,,Follows all Max Safety measures to ensure your food is safe,https://www.zomato.com/mumbai/churchgate-restaurants,,,https://www.zomato.com/mumbai/churchgate-restaurants,3.8,https://www.zomato.com/mumbai/churchgate-restaurants,https://www.zomato.com/mumbai/churchgate-restaurants
https://www.zomato.com/mumbai/shiv-sagar-girgaum/order,https://www.zomato.com/mumbai/churchgate-restaurants,28 min,Shiv Sagar,4.2,"South Indian, North Indian, Chinese, Street Food, Fast Food, Desserts, Beverages, Sichuan",₹200 for one,https://www.zomato.com/mumbai/churchgate-restaurants,https://www.zomato.com/mumbai/churchgate-restaurants,https://www.zomato.com/mumbai/churchgate-restaurants,https://www.zomato.com/mumbai/churchgate-restaurants,https://www.zomato.com/mumbai/churchgate-restaurants,https://www.zomato.com/mumbai/churchgate-restaurants,https://www.zomato.com/mumbai/monginis-mohammad-ali-road/order,https://www.zomato.com/mumbai/churchgate-restaurants,28 min,Monginis,,"Bakery, Desserts, Fast Food",https://www.zomato.com/mumbai/churchgate-restaurants,https://www.zomato.com/mumbai/churchgate-restaurants,https://www.zomato.com/mumbai/churchgate-restaurants,https://www.zomato.com/mumbai/churchgate-restaurants,https://www.zomato.com/mumbai/churchgate-restaurants,https://www.zomato.com/mumbai/cheelizza-india-ka-pizza-kemps-corner/order,https://www.zomato.com/mumbai/churchgate-restaurants,31 min,Cheelizza - India Ka Pizza,3.9,"Pizza, Pasta, Fast Food, Beverages",https://www.zomato.com/mumbai/churchgate-restaurants,https://www.zomato.com/mumbai/churchgate-restaurants,Follows all Max Safety measures to ensure your food is safe,https://www.zomato.com/mumbai/churchgate-restaurants,https://www.zomato.com/mumbai/churchgate-restaurants,,https://www.zomato.com/mumbai/churchgate-restaurants,3.9,,https://www.zomato.com/mumbai/churchgate-restaurants
https://www.zomato.com/mumbai/99-pancakes-fort/order,https://www.zomato.com/mumbai/churchgate-restaurants,22 min,99 Pancakes,4.1,"Desserts, Waffle, Bakery, Beverages, Ice Cream",₹200 for one,https://www.zomato.com/mumbai/churchgate-restaurants,https://www.zomato.com/mumbai/churchgate-restaurants,https://www.zomato.com/mumbai/churchgate-restaurants,https://www.zomato.com/mumbai/churchgate-restaurants,https://www.zomato.com/mumbai/churchgate-restaurants,https://www.zomato.com/mumbai/churchgate-restaurants,https://www.zomato.com/mumbai/barbeque-nation-1-worli/order,https://www.zomato.com/mumbai/churchgate-restaurants,51 min,Barbeque Nation,,"North Indian, BBQ, Biryani, Kebab, Beverages, Desserts",,,https://www.zomato.com/mumbai/churchgate-restaurants,https://www.zomato.com/mumbai/churchgate-restaurants,https://www.zomato.com/mumbai/churchgate-restaurants,https://www.zomato.com/mumbai/charcoal-eats-biryani-beyond-mazgaon/order,,43 min,Charcoal Eats - Biryani & Beyond,3.8,"Biryani, Kebab, Rolls",https://www.zomato.com/mumbai/churchgate-restaurants,https://www.zomato.com/mumbai/churchgate-restaurants,,,https://www.zomato.com/mumbai/churchgate-restaurants,,,3.6,https://www.zomato.com/mumbai/churchgate-restaurants,https://www.zomato.com/mumbai/churchgate-restaurants
https://www.zomato.com/mumbai/nothing-but-chicken-colaba/order,https://www.zomato.com/mumbai/churchgate-restaurants,17 min,Nothing But Chicken,4.2,"Salad, Street Food, Fast Food",₹200 for one,https://b.zmtcdn.com/data/o2_assets/4bf016f32f05d26242cea342f30d47a31595763089.png,https://b.zmtcdn.com/data/o2_assets/695598f38d29d0e5d3f8ffe57cfdb94c1613145422.png,https://www.zomato.com/mumbai/churchgate-restaurants,https://b.zmtcdn.com/data/o2_assets/695598f38d29d0e5d3f8ffe57cfdb94c1613145422.png,https://b.zmtcdn.com/data/o2_assets/4bf016f32f05d26242cea342f30d47a31595763089.png,https://www.zomato.com/mumbai/churchgate-restaurants,https://www.zomato.com/mumbai/amar-fast-food-juice-centre-chowpatty/order,https://www.zomato.com/mumbai/churchgate-restaurants,24 min,Amar  Fast Food & Juice Centre,,"South Indian, North Indian, Chinese, Street Food, Beverages, Desserts",https://b.zmtcdn.com/data/o2_assets/4bf016f32f05d26242cea342f30d47a31595763089.png,https://b.zmtcdn.com/data/o2_assets/0b07ef18234c6fdf9365ad1c274ae0631612687510.png,https://www.zomato.com/mumbai/churchgate-restaurants,https://b.zmtcdn.com/data/o2_assets/4bf016f32f05d26242cea342f30d47a31595763089.png,https://www.zomato.com/mumbai/churchgate-restaurants,https://www.zomato.com/mumbai/persian-darbar-byculla/order,,38 min,Persian Darbar,3.9,"Mughlai, North Indian, Chinese, Biryani, Middle Eastern, Iranian, Seafood, Beverages",https://b.zmtcdn.com/data/o2_assets/4bf016f32f05d26242cea342f30d47a31595763089.png,https://b.zmtcdn.com/data/o2_assets/0b07ef18234c6fdf9365ad1c274ae0631612687510.png,Follows all Max Safety measures to ensure your food is safe,https://www.zomato.com/mumbai/churchgate-restaurants,https://b.zmtcdn.com/data/o2_assets/0b07ef18234c6fdf9365ad1c274ae0631612687510.png,https://b.zmtcdn.com/data/o2_assets/4bf016f32f05d26242cea342f30d47a31595763089.png,https://www.zomato.com/mumbai/churchgate-restaurants,3.9,,https://www.zomato.com/mumbai/churchgate-restaurants
https://www.zomato.com/mumbai/apsara-ice-creams-colaba/order,https://b.zmtcdn.com/data/pictures/chains/3/36163/e627e34abdd5fc3b6482a8207c187770_o2_featured_v2.jpg,18 min,Apsara Ice Creams,4.3,"Ice Cream, Desserts",₹200 for one,https://b.zmtcdn.com/data/o2_assets/4bf016f32f05d26242cea342f30d47a31595763089.png,https://b.zmtcdn.com/data/o2_assets/0b07ef18234c6fdf9365ad1c274ae0631612687510.png,https://www.zomato.com/mumbai/churchgate-restaurants,https://b.zmtcdn.com/data/o2_assets/0b07ef18234c6fdf9365ad1c274ae0631612687510.png,https://b.zmtcdn.com/data/o2_assets/4bf016f32f05d26242cea342f30d47a31595763089.png,,https://www.zomato.com/mumbai/the-j-churchgate/order,https://b.zmtcdn.com/data/pictures/1/43281/110be65b98044281f59e40eca2200abf_o2_featured_v2.jpg,19 min,The J,4.2,"Fast Food, Burger, Shake, Beverages",https://b.zmtcdn.com/data/o2_assets/4bf016f32f05d26242cea342f30d47a31595763089.png,https://b.zmtcdn.com/data/o2_assets/0b07ef18234c6fdf9365ad1c274ae0631612687510.png,https://www.zomato.com/mumbai/churchgate-restaurants,https://b.zmtcdn.com/data/o2_assets/4bf016f32f05d26242cea342f30d47a31595763089.png,https://www.zomato.com/mumbai/churchgate-restaurants,https://www.zomato.com/mumbai/1441-pizzeria-fort/order,,24 min,1441 Pizzeria,3.7,"Pizza, Pasta, Italian, Fast Food, Desserts, Beverages",https://b.zmtcdn.com/data/o2_assets/4bf016f32f05d26242cea342f30d47a31595763089.png,https://b.zmtcdn.com/data/o2_assets/0b07ef18234c6fdf9365ad1c274ae0631612687510.png,Follows all Max Safety measures to ensure your food is safe,https://www.zomato.com/mumbai/churchgate-restaurants,https://b.zmtcdn.com/data/o2_assets/0b07ef18234c6fdf9365ad1c274ae0631612687510.png,https://b.zmtcdn.com/data/o2_assets/4bf016f32f05d26242cea342f30d47a31595763089.png,https://www.zomato.com/mumbai/churchgate-restaurants,,https://www.zomato.com/mumbai/churchgate-restaurants,https://b.zmtcdn.com/data/pictures/chains/1/18140551/2558b0d21583278e7ef8182ec2aae688_o2_featured_v2.jpg
https://www.zomato.com/mumbai/good-flippin-burgers-marine-lines/order,https://b.zmtcdn.com/data/pictures/chains/8/19135228/0b2cd02883891943a822dc6beed1d020_o2_featured_v2.jpg,22 min,Good Flippin' Burgers,4.3,"Burger, American, Fast Food",₹300 for one,https://b.zmtcdn.com/data/o2_assets/4bf016f32f05d26242cea342f30d47a31595763089.png,https://b.zmtcdn.com/data/o2_assets/4bf016f32f05d26242cea342f30d47a31595763089.png,https://www.zomato.com/mumbai/churchgate-restaurants,,,,https://www.zomato.com/mumbai/starbucks-coffee-churchgate/order,https://b.zmtcdn.com/data/pictures/chains/4/43344/224cde6e4ca8d94ba10f78aaabd0d225_o2_featured_v2.jpg,16 min,Starbucks Coffee,,"Cafe, Beverages, Desserts",,https://b.zmtcdn.com/data/o2_assets/0b07ef18234c6fdf9365ad1c274ae0631612687510.png,,https://b.zmtcdn.com/data/o2_assets/4bf016f32f05d26242cea342f30d47a31595763089.png,https://www.zomato.com/mumbai/churchgate-restaurants,https://www.zomato.com/mumbai/eatfit-fort/order,,19 min,EatFit,3.9,"Healthy Food, North Indian, Pizza, Burger, Pasta, Biryani, Chinese, Beverages",https://b.zmtcdn.com/data/o2_assets/4bf016f32f05d26242cea342f30d47a31595763089.png,,,,,,,4,,https://b.zmtcdn.com/data/pictures/chains/7/19129517/7b70497ef78d0f1d90686c1d44db1ed1_o2_featured_v2.jpg
https://www.zomato.com/mumbai/big-bowl-churchgate/order,https://b.zmtcdn.com/data/pictures/chains/5/19424905/d6003c446dce5700ff63b2c3b32fa7df_o2_featured_v2.jpg,18 min,Big Bowl,3.9,"Chinese, North Indian, Momos",₹300 for one,https://b.zmtcdn.com/data/o2_assets/4bf016f32f05d26242cea342f30d47a31595763089.png,https://b.zmtcdn.com/data/o2_assets/695598f38d29d0e5d3f8ffe57cfdb94c1613145422.png,https://www.zomato.com/mumbai/churchgate-restaurants,https://b.zmtcdn.com/data/o2_assets/695598f38d29d0e5d3f8ffe57cfdb94c1613145422.png,https://b.zmtcdn.com/data/o2_assets/4bf016f32f05d26242cea342f30d47a31595763089.png,https://www.zomato.com/mumbai/churchgate-restaurants,https://www.zomato.com/mumbai/j-j-jalebi-grant-road/order,https://b.zmtcdn.com/data/pictures/5/18663085/589026f1c0e313b693e1aff841bb5827_o2_featured_v2.jpg,29 min,J.J Jalebi,3.4,Mithai,https://b.zmtcdn.com/data/o2_assets/4bf016f32f05d26242cea342f30d47a31595763089.png,https://b.zmtcdn.com/data/o2_assets/695598f38d29d0e5d3f8ffe57cfdb94c1613145422.png,https://www.zomato.com/mumbai/churchgate-restaurants,https://b.zmtcdn.com/data/o2_assets/4bf016f32f05d26242cea342f30d47a31595763089.png,,https://www.zomato.com/mumbai/taco-bell-lower-parel/order,https://b.zmtcdn.com/data/pictures/chains/3/47953/d2ee26b90b3fc64c1aaaccc058db9208_o2_featured_v2.jpg,49 min,Taco Bell,,"Mexican, Fast Food, Wraps, Beverages",https://b.zmtcdn.com/data/o2_assets/4bf016f32f05d26242cea342f30d47a31595763089.png,,,,https://www.zomato.com/mumbai/churchgate-restaurants,,,3.8,,
https://www.zomato.com/mumbai/sweet-bengal-cuffe-parade/order,https://b.zmtcdn.com/data/pictures/chains/7/32667/999b58a083f99f272aeac76d262ee347_o2_featured_v2.jpg,23 min,Sweet Bengal,4.3,"Mithai, Desserts",₹300 for one,https://b.zmtcdn.com/data/o2_assets/4bf016f32f05d26242cea342f30d47a31595763089.png,https://b.zmtcdn.com/data/o2_assets/0b07ef18234c6fdf9365ad1c274ae0631612687510.png,https://www.zomato.com/mumbai/churchgate-restaurants,https://b.zmtcdn.com/data/o2_assets/0b07ef18234c6fdf9365ad1c274ae0631612687510.png,https://b.zmtcdn.com/data/o2_assets/4bf016f32f05d26242cea342f30d47a31595763089.png,,https://www.zomato.com/mumbai/itminaan-matka-biryani-slow-cooked-fort/order,https://b.zmtcdn.com/data/pictures/chains/8/19368008/05913c5e630de84ee50d7f6aef73e3be_o2_featured_v2.jpg,30 min,Itminaan Matka Biryani - Slow Cooked,,"Biryani, North Indian, Mughlai, Desserts, Beverages",https://b.zmtcdn.com/data/o2_assets/4bf016f32f05d26242cea342f30d47a31595763089.png,https://b.zmtcdn.com/data/o2_assets/0b07ef18234c6fdf9365ad1c274ae0631612687510.png,https://www.zomato.com/mumbai/churchgate-restaurants,https://b.zmtcdn.com/data/o2_assets/4bf016f32f05d26242cea342f30d47a31595763089.png,https://www.zomato.com/mumbai/churchgate-restaurants,https://www.zomato.com/mumbai/5-spice-fort/order,https://b.zmtcdn.com/data/pictures/chains/7/34157/15163a4ef898921901b09ced2446d67d_o2_featured_v2.jpg,27 min,5 Spice,4.1,"Chinese, Asian, Thai, Seafood, Sichuan",https://b.zmtcdn.com/data/o2_assets/4bf016f32f05d26242cea342f30d47a31595763089.png,https://b.zmtcdn.com/data/o2_assets/0b07ef18234c6fdf9365ad1c274ae0631612687510.png,Follows all Max Safety measures to ensure your food is safe,https://www.zomato.com/mumbai/churchgate-restaurants,https://b.zmtcdn.com/data/o2_assets/0b07ef18234c6fdf9365ad1c274ae0631612687510.png,https://b.zmtcdn.com/data/o2_assets/4bf016f32f05d26242cea342f30d47a31595763089.png,https://www.zomato.com/mumbai/churchgate-restaurants,3.9,https://www.zomato.com/mumbai/churchgate-restaurants,
https://www.zomato.com/mumbai/cakezone-fort/order,https://b.zmtcdn.com/data/pictures/chains/8/20172138/964948aa0e6d953933717dbb7fab6aaf_o2_featured_v2.jpg,22 min,CakeZone,4.2,"Bakery, Desserts",₹300 for one,https://b.zmtcdn.com/data/o2_assets/4bf016f32f05d26242cea342f30d47a31595763089.png,https://b.zmtcdn.com/data/o2_assets/4bf016f32f05d26242cea342f30d47a31595763089.png,,,,,https://www.zomato.com/mumbai/wow-china-lower-parel/order,https://b.zmtcdn.com/data/pictures/chains/6/19080556/a346d77b3342ea89fa8b4e14c56885e4_o2_featured_v2.jpg,53 min,WOW! China,,"Chinese, Sichuan, Rolls",,,,,,https://www.zomato.com/mumbai/great-indian-khichdi-by-eatfit-1-fort/order,https://b.zmtcdn.com/data/pictures/chains/3/19413973/33cf8edbc73a1601deb87642eb9e5a9b_o2_featured_v2.jpg,21 min,Great Indian Khichdi by EatFit,4.1,"Healthy Food, North Indian, Ice Cream, Desserts, Beverages",https://b.zmtcdn.com/data/o2_assets/4bf016f32f05d26242cea342f30d47a31595763089.png,,,,,,,3.6,,
https://www.zomato.com/mumbai/shalimar-mohammad-ali-road/order,https://b.zmtcdn.com/data/pictures/9/41769/d597d5cba34062198d9ceaf007e4ba29_o2_featured_v2.jpg,29 min,Shalimar,4.1,"North Indian, Fast Food, Desserts, Beverages, Mughlai, Sichuan",₹300 for one,https://www.zomato.com/mumbai/churchgate-restaurants,https://www.zomato.com/mumbai/churchgate-restaurants,https://www.zomato.com/mumbai/churchgate-restaurants,https://www.zomato.com/mumbai/churchgate-restaurants,https://www.zomato.com/mumbai/churchgate-restaurants,,https://www.zomato.com/mumbai/bakingo-grant-road/order,https://b.zmtcdn.com/data/pictures/4/20410284/2d33d132044046a431a81bb2a9412466_o2_featured_v2.jpg,26 min,Bakingo,,Bakery,https://www.zomato.com/mumbai/churchgate-restaurants,https://www.zomato.com/mumbai/churchgate-restaurants,https://www.zomato.com/mumbai/churchgate-restaurants,,https://www.zomato.com/mumbai/churchgate-restaurants,https://www.zomato.com/mumbai/health-juice-centre-1-girgaum/order,https://b.zmtcdn.com/data/pictures/2/19831252/0bcb83746b98afd51d03cb08bd49b00f_o2_featured_v2.jpg,33 min,Health Juice Centre,3.7,"Beverages, Juices, Shake",,,Follows all Max Safety measures to ensure your food is safe,https://www.zomato.com/mumbai/churchgate-restaurants,,,https://www.zomato.com/mumbai/churchgate-restaurants,4,https://www.zomato.com/mumbai/churchgate-restaurants,
https://www.zomato.com/mumbai/ubq-by-barbeque-nation-worli/order,https://www.zomato.com/mumbai/churchgate-restaurants,49 min,UBQ By Barbeque Nation,4.5,"North Indian, BBQ, Chinese, Street Food, Kebab, Beverages, Desserts",₹300 for one,https://www.zomato.com/mumbai/churchgate-restaurants,https://www.zomato.com/mumbai/churchgate-restaurants,https://www.zomato.com/mumbai/churchgate-restaurants,https://www.zomato.com/mumbai/churchgate-restaurants,https://www.zomato.com/mumbai/churchgate-restaurants,https://www.zomato.com/mumbai/churchgate-restaurants,https://www.zomato.com/mumbai/havmor-ice-cream-marine-lines/order,https://www.zomato.com/mumbai/churchgate-restaurants,18 min,Havmor Ice Cream,3.5,"Ice Cream, Desserts, Beverages",https://www.zomato.com/mumbai/churchgate-restaurants,https://www.zomato.com/mumbai/churchgate-restaurants,https://www.zomato.com/mumbai/churchgate-restaurants,https://www.zomato.com/mumbai/churchgate-restaurants,https://www.zomato.com/mumbai/churchgate-restaurants,https://www.zomato.com/mumbai/carters-blue-fort/order,https://www.zomato.com/mumbai/churchgate-restaurants,24 min,Carter's Blue,4,"Lebanese, Chinese, Mughlai, North Indian, Rolls, Biryani, Beverages",https://www.zomato.com/mumbai/churchgate-restaurants,https://www.zomato.com/mumbai/churchgate-restaurants,Restaurant partner follows WHO protocol,https://www.zomato.com/mumbai/churchgate-restaurants,,https://www.zomato.com/mumbai/churchgate-restaurants,,,https://www.zomato.com/mumbai/churchgate-restaurants,https://www.zomato.com/mumbai/churchgate-restaurants
https://www.zomato.com/mumbai/lunchbox-meals-and-thalis-fort/order,https://www.zomato.com/mumbai/churchgate-restaurants,29 min,LunchBox - Meals and Thalis,4.1,North Indian,₹300 for one,https://www.zomato.com/mumbai/churchgate-restaurants,https://www.zomato.com/mumbai/churchgate-restaurants,https://www.zomato.com/mumbai/churchgate-restaurants,https://www.zomato.com/mumbai/churchgate-restaurants,https://www.zomato.com/mumbai/churchgate-restaurants,https://www.zomato.com/mumbai/churchgate-restaurants,https://www.zomato.com/mumbai/the-biryani-life-colaba/order,https://www.zomato.com/mumbai/churchgate-restaurants,25 min,The Biryani Life,,"Biryani, Kebab, Hyderabadi, Lucknowi",https://www.zomato.com/mumbai/churchgate-restaurants,https://www.zomato.com/mumbai/churchgate-restaurants,https://www.zomato.com/mumbai/churchgate-restaurants,https://www.zomato.com/mumbai/churchgate-restaurants,https://www.zomato.com/mumbai/churchgate-restaurants,https://www.zomato.com/mumbai/k-bhagat-tarachand-kalbadevi/order,https://www.zomato.com/mumbai/churchgate-restaurants,34 min,K Bhagat Tarachand,3.6,"North Indian, Biryani, Beverages",https://www.zomato.com/mumbai/churchgate-restaurants,https://www.zomato.com/mumbai/churchgate-restaurants,Restaurant partner follows WHO protocol,https://www.zomato.com/mumbai/churchgate-restaurants,,https://www.zomato.com/mumbai/churchgate-restaurants,,3.8,https://www.zomato.com/mumbai/churchgate-restaurants,https://www.zomato.com/mumbai/churchgate-restaurants
https://www.zomato.com/mumbai/souffle-kalbadevi/order,https://www.zomato.com/mumbai/churchgate-restaurants,23 min,Souffle,4.3,"Bakery, Desserts, Fast Food",₹300 for one,https://www.zomato.com/mumbai/churchgate-restaurants,https://www.zomato.com/mumbai/churchgate-restaurants,https://www.zomato.com/mumbai/churchgate-restaurants,https://www.zomato.com/mumbai/churchgate-restaurants,https://www.zomato.com/mumbai/churchgate-restaurants,,https://www.zomato.com/ColabaSocial/order,https://www.zomato.com/mumbai/churchgate-restaurants,31 min,Colaba Social,3.4,"North Indian, Chinese, Biryani, Pasta, Burger, Pizza, Kebab",https://www.zomato.com/mumbai/churchgate-restaurants,https://www.zomato.com/mumbai/churchgate-restaurants,https://www.zomato.com/mumbai/churchgate-restaurants,,https://www.zomato.com/mumbai/churchgate-restaurants,https://www.zomato.com/mumbai/the-momo-co-churchgate/order,,22 min,The Momo Co.,3.7,"Momos, Chinese, Asian",,,Restaurant partner follows WHO protocol,https://www.zomato.com/mumbai/churchgate-restaurants,,https://www.zomato.com/mumbai/churchgate-restaurants,,,https://www.zomato.com/mumbai/churchgate-restaurants,https://www.zomato.com/mumbai/churchgate-restaurants
https://www.zomato.com/mumbai/yummy-momos-colaba/order,https://www.zomato.com/mumbai/churchgate-restaurants,25 min,Yummy Momos,4.1,Momos,₹100 for one,https://www.zomato.com/mumbai/churchgate-restaurants,https://www.zomato.com/mumbai/churchgate-restaurants,https://www.zomato.com/mumbai/churchgate-restaurants,https://www.zomato.com/mumbai/churchgate-restaurants,https://www.zomato.com/mumbai/churchgate-restaurants,https://www.zomato.com/mumbai/churchgate-restaurants,https://www.zomato.com/mumbai/pizzaexpress-colaba/order,https://www.zomato.com/mumbai/churchgate-restaurants,30 min,PizzaExpress,,"Pizza, Italian, Bakery",,,https://www.zomato.com/mumbai/churchgate-restaurants,https://www.zomato.com/mumbai/churchgate-restaurants,https://www.zomato.com/mumbai/churchgate-restaurants,https://www.zomato.com/mumbai/maharaja-bhog-kalbadevi/order,https://www.zomato.com/mumbai/churchgate-restaurants,26 min,Maharaja Bhog,4.2,"North Indian, Gujarati, Rajasthani",https://www.zomato.com/mumbai/churchgate-restaurants,https://www.zomato.com/mumbai/churchgate-restaurants,,,,,,3.7,https://www.zomato.com/mumbai/churchgate-restaurants,https://www.zomato.com/mumbai/churchgate-restaurants
https://www.zomato.com/mumbai/slyce-pizza-lower-parel/order,https://www.zomato.com/mumbai/churchgate-restaurants,57 min,Slyce Pizza,4,"Pizza, Italian, Fast Food",₹100 for one,https://www.zomato.com/mumbai/churchgate-restaurants,https://www.zomato.com/mumbai/churchgate-restaurants,https://www.zomato.com/mumbai/churchgate-restaurants,https://www.zomato.com/mumbai/churchgate-restaurants,https://www.zomato.com/mumbai/churchgate-restaurants,https://www.zomato.com/mumbai/churchgate-restaurants,https://www.zomato.com/mumbai/sardar-pav-bhaji-tardeo/order,https://www.zomato.com/mumbai/churchgate-restaurants,31 min,Sardar Pav bhaji,,"Street Food, Beverages, Fast Food, Juices",https://www.zomato.com/mumbai/churchgate-restaurants,https://www.zomato.com/mumbai/churchgate-restaurants,https://www.zomato.com/mumbai/churchgate-restaurants,https://www.zomato.com/mumbai/churchgate-restaurants,https://www.zomato.com/mumbai/churchgate-restaurants,https://www.zomato.com/mumbai/say-cheese-charni-road/order,https://www.zomato.com/mumbai/churchgate-restaurants,27 min,Say Cheese,4,"Pizza, Sandwich, Fast Food, Pasta",https://www.zomato.com/mumbai/churchgate-restaurants,https://www.zomato.com/mumbai/churchgate-restaurants,Follows all Max Safety measures to ensure your food is safe,https://www.zomato.com/mumbai/churchgate-restaurants,,,https://www.zomato.com/mumbai/churchgate-restaurants,4,https://www.zomato.com/mumbai/churchgate-restaurants,https://www.zomato.com/mumbai/churchgate-restaurants
https://www.zomato.com/mumbai/delhi-zaika-grant-road/order,https://www.zomato.com/mumbai/churchgate-restaurants,33 min,Delhi Zaika,4,"BBQ, Chinese, Continental, North Indian, Kebab, Seafood, Mughlai, Sichuan",₹100 for one,https://www.zomato.com/mumbai/churchgate-restaurants,https://www.zomato.com/mumbai/churchgate-restaurants,https://www.zomato.com/mumbai/churchgate-restaurants,https://www.zomato.com/mumbai/churchgate-restaurants,https://www.zomato.com/mumbai/churchgate-restaurants,https://www.zomato.com/mumbai/churchgate-restaurants,https://www.zomato.com/mumbai/nanumal-bhojraj-fort/order,https://www.zomato.com/mumbai/churchgate-restaurants,28 min,Nanumal Bhojraj,3.9,"North Indian, Chinese, Biryani, Sandwich, Fast Food, Beverages",,,https://www.zomato.com/mumbai/churchgate-restaurants,https://www.zomato.com/mumbai/churchgate-restaurants,https://www.zomato.com/mumbai/churchgate-restaurants,https://www.zomato.com/mumbai/frozen-bottle-milkshakes-desserts-and-ice-cream-fort/order,,32 min,"Frozen Bottle - Milkshakes, Desserts and Ice Cream",,"Beverages, Shake, Desserts, Ice Cream",https://www.zomato.com/mumbai/churchgate-restaurants,https://www.zomato.com/mumbai/churchgate-restaurants,,,https://www.zomato.com/mumbai/churchgate-restaurants,,,3.8,https://www.zomato.com/mumbai/churchgate-restaurants,
https://www.zomato.com/mumbai/nh1-bowls-highway-to-north-fort/order,https://www.zomato.com/mumbai/churchgate-restaurants,30 min,NH1 Bowls - Highway To North,4.5,"North Indian, Fast Food, Desserts, Beverages",₹100 for one,https://www.zomato.com/mumbai/churchgate-restaurants,https://www.zomato.com/mumbai/churchgate-restaurants,https://www.zomato.com/mumbai/churchgate-restaurants,https://www.zomato.com/mumbai/churchgate-restaurants,https://www.zomato.com/mumbai/churchgate-restaurants,https://www.zomato.com/mumbai/churchgate-restaurants,https://www.zomato.com/mumbai/manis-cafe-nariman-point/order,https://www.zomato.com/mumbai/churchgate-restaurants,20 min,Mani's Cafe,4.1,South Indian,https://www.zomato.com/mumbai/churchgate-restaurants,https://www.zomato.com/mumbai/churchgate-restaurants,https://www.zomato.com/mumbai/churchgate-restaurants,https://www.zomato.com/mumbai/churchgate-restaurants,https://www.zomato.com/mumbai/churchgate-restaurants,https://www.zomato.com/mumbai/dales-eden-cake-shop-kemps-corner/order,https://www.zomato.com/mumbai/churchgate-restaurants,23 min,Dale's Eden Cake Shop,4.2,"Bakery, Desserts, Mithai, Street Food, Fast Food",https://www.zomato.com/mumbai/churchgate-restaurants,https://www.zomato.com/mumbai/churchgate-restaurants,Follows all Max Safety measures to ensure your food is safe,https://www.zomato.com/mumbai/churchgate-restaurants,,,https://www.zomato.com/mumbai/churchgate-restaurants,,https://www.zomato.com/mumbai/churchgate-restaurants,https://www.zomato.com/mumbai/churchgate-restaurants
https://www.zomato.com/mumbai/maji-sagar-1-tardeo/order,https://b.zmtcdn.com/data/pictures/chains/8/35798/29de5a967b06d3efe1030fc9d2196618_o2_featured_v2.jpg,34 min,Maji Sagar,4.2,"Chinese, North Indian, South Indian",₹100 for one,https://b.zmtcdn.com/data/o2_assets/4bf016f32f05d26242cea342f30d47a31595763089.png,https://b.zmtcdn.com/data/o2_assets/695598f38d29d0e5d3f8ffe57cfdb94c1613145422.png,https://www.zomato.com/mumbai/churchgate-restaurants,https://b.zmtcdn.com/data/o2_assets/695598f38d29d0e5d3f8ffe57cfdb94c1613145422.png,https://b.zmtcdn.com/data/o2_assets/4bf016f32f05d26242cea342f30d47a31595763089.png,https://www.zomato.com/mumbai/churchgate-restaurants,https://www.zomato.com/mumbai/flax-breach-candy/order,https://b.zmtcdn.com/data/pictures/9/18467849/278ea8dbcf40de7da11b431fa18054c0_o2_featured_v2.png,36 min,Flax,,"Healthy Food, Salad, Wraps, Fast Food, Juices, Beverages",https://b.zmtcdn.com/data/o2_assets/4bf016f32f05d26242cea342f30d47a31595763089.png,https://b.zmtcdn.com/data/o2_assets/0b07ef18234c6fdf9365ad1c274ae0631612687510.png,https://www.zomato.com/mumbai/churchgate-restaurants,https://b.zmtcdn.com/data/o2_assets/4bf016f32f05d26242cea342f30d47a31595763089.png,https://www.zomato.com/mumbai/churchgate-restaurants,https://www.zomato.com/mumbai/simla-canteen-colaba/order,,29 min,Simla Canteen,3.8,"North Indian, Chinese, Mughlai",https://b.zmtcdn.com/data/o2_assets/4bf016f32f05d26242cea342f30d47a31595763089.png,https://b.zmtcdn.com/data/o2_assets/0b07ef18234c6fdf9365ad1c274ae0631612687510.png,Follows all Max Safety measures to ensure your food is safe,https://www.zomato.com/mumbai/churchgate-restaurants,https://b.zmtcdn.com/data/o2_assets/0b07ef18234c6fdf9365ad1c274ae0631612687510.png,https://b.zmtcdn.com/data/o2_assets/4bf016f32f05d26242cea342f30d47a31595763089.png,https://www.zomato.com/mumbai/churchgate-restaurants,3.8,,https://b.zmtcdn.com/data/pictures/6/18886746/2d8d4d32907aebb0037b0d20c175e843_o2_featured_v2.jpg
https://www.zomato.com/mumbai/bombay-kitchen-grant-road/order,https://b.zmtcdn.com/data/pictures/6/18713916/5adc8e52ba96bb297f1a32f4597af7c8_o2_featured_v2.jpg,33 min,Bombay Kitchen,,"Biryani, Chinese, Fast Food, North Indian, Sichuan",₹100 for one,https://www.zomato.com/mumbai/churchgate-restaurants,https://www.zomato.com/mumbai/churchgate-restaurants,https://www.zomato.com/mumbai/churchgate-restaurants,https://www.zomato.com/mumbai/churchgate-restaurants,https://www.zomato.com/mumbai/churchgate-restaurants,https://www.zomato.com/mumbai/churchgate-restaurants,https://www.zomato.com/mumbai/shaan-chinese-corner-fort/order,https://b.zmtcdn.com/data/pictures/3/32883/058a6f021db5a0d0faa7a61537e62a85_o2_featured_v2.jpg,27 min,Shaan Chinese Corner,3.5,"Chinese, North Indian, Arabian, Sichuan",,,https://www.zomato.com/mumbai/churchgate-restaurants,https://www.zomato.com/mumbai/churchgate-restaurants,https://www.zomato.com/mumbai/churchgate-restaurants,https://www.zomato.com/mumbai/flavor-cottage-mohammad-ali-road/order,,39 min,Flavor Cottage,4.1,"Mughlai, North Indian, Thai, Chinese, Rolls, Fast Food, Desserts",https://www.zomato.com/mumbai/churchgate-restaurants,https://www.zomato.com/mumbai/churchgate-restaurants,,,https://www.zomato.com/mumbai/churchgate-restaurants,,,4,https://www.zomato.com/mumbai/churchgate-restaurants,https://b.zmtcdn.com/data/pictures/3/19688013/2157813f75d4b8b18179ef05ad93c8b9_o2_featured_v2.jpg
https://www.zomato.com/mumbai/meraki-marine-lines/order,https://b.zmtcdn.com/data/pictures/9/19832859/8a41e3b69cbf44a94e42292e4c813e24_o2_featured_v2.jpg,25 min,Meraki,3.9,"Chinese, Asian, Fast Food",₹350 for one,https://b.zmtcdn.com/data/o2_assets/4bf016f32f05d26242cea342f30d47a31595763089.png,https://b.zmtcdn.com/data/o2_assets/4bf016f32f05d26242cea342f30d47a31595763089.png,https://www.zomato.com/mumbai/churchgate-restaurants,,,,https://www.zomato.com/mumbai/starboy-pizza-shakes-mohammad-ali-road/order,https://b.zmtcdn.com/data/pictures/chains/4/19151724/bb20ba904ac625a674e08becb5eb123c_o2_featured_v2.jpg,37 min,Starboy Pizza & Shakes,,"Pizza, Italian, Desserts, Shake, Beverages",,https://b.zmtcdn.com/data/o2_assets/0b07ef18234c6fdf9365ad1c274ae0631612687510.png,,https://b.zmtcdn.com/data/o2_assets/4bf016f32f05d26242cea342f30d47a31595763089.png,https://www.zomato.com/mumbai/churchgate-restaurants,https://www.zomato.com/mumbai/ovenstory-pizza-fort/order,https://b.zmtcdn.com/data/pictures/chains/0/18386400/a637f7be26b117b3950c3b4d3b505cd8_o2_featured_v2.jpg,45 min,Ovenstory Pizza,4,"Pizza, Fast Food",https://b.zmtcdn.com/data/o2_assets/4bf016f32f05d26242cea342f30d47a31595763089.png,https://b.zmtcdn.com/data/o2_assets/0b07ef18234c6fdf9365ad1c274ae0631612687510.png,Follows all Max Safety measures to ensure your food is safe,https://www.zomato.com/mumbai/churchgate-restaurants,https://b.zmtcdn.com/data/o2_assets/0b07ef18234c6fdf9365ad1c274ae0631612687510.png,https://b.zmtcdn.com/data/o2_assets/4bf016f32f05d26242cea342f30d47a31595763089.png,https://www.zomato.com/mumbai/churchgate-restaurants,3.9,,
https://www.zomato.com/mumbai/yummy-momos-colaba/order,https://b.zmtcdn.com/data/pictures/chains/4/18334474/fdb3b24cdd362c40395d3c38318757e0_o2_featured_v2.jpg,25 min,Yummy Momos,4.1,Momos,₹100 for one,https://b.zmtcdn.com/data/o2_assets/4bf016f32f05d26242cea342f30d47a31595763089.png,https://b.zmtcdn.com/data/o2_assets/0b07ef18234c6fdf9365ad1c274ae0631612687510.png,https://www.zomato.com/mumbai/churchgate-restaurants,https://b.zmtcdn.com/data/o2_assets/0b07ef18234c6fdf9365ad1c274ae0631612687510.png,https://b.zmtcdn.com/data/o2_assets/4bf016f32f05d26242cea342f30d47a31595763089.png,,https://www.zomato.com/mumbai/pizzaexpress-colaba/order,https://b.zmtcdn.com/data/pictures/5/43975/bf81ddc04c09d70bb26d612497a844cd_o2_featured_v2.jpg,30 min,PizzaExpress,,"Pizza, Italian, Bakery",https://b.zmtcdn.com/data/o2_assets/4bf016f32f05d26242cea342f30d47a31595763089.png,https://b.zmtcdn.com/data/o2_assets/0b07ef18234c6fdf9365ad1c274ae0631612687510.png,https://www.zomato.com/mumbai/churchgate-restaurants,https://b.zmtcdn.com/data/o2_assets/4bf016f32f05d26242cea342f30d47a31595763089.png,https://www.zomato.com/mumbai/churchgate-restaurants,https://www.zomato.com/mumbai/maharaja-bhog-kalbadevi/order,,26 min,Maharaja Bhog,4.2,"North Indian, Gujarati, Rajasthani",https://b.zmtcdn.com/data/o2_assets/4bf016f32f05d26242cea342f30d47a31595763089.png,,,,,,,3.7,https://www.zomato.com/mumbai/churchgate-restaurants,https://b.zmtcdn.com/data/pictures/chains/1/37611/4937fcc6a4097b581f4ef86bb8bf57af_o2_featured_v2.jpg
https://www.zomato.com/mumbai/slyce-pizza-lower-parel/order,https://b.zmtcdn.com/data/pictures/0/20317900/6e51f70e3a1cc03ff344d0622fe14b76_o2_featured_v2.jpg,57 min,Slyce Pizza,4,"Pizza, Italian, Fast Food",₹100 for one,https://b.zmtcdn.com/data/o2_assets/4bf016f32f05d26242cea342f30d47a31595763089.png,https://b.zmtcdn.com/data/o2_assets/0b07ef18234c6fdf9365ad1c274ae0631612687510.png,https://www.zomato.com/mumbai/churchgate-restaurants,https://b.zmtcdn.com/data/o2_assets/0b07ef18234c6fdf9365ad1c274ae0631612687510.png,https://b.zmtcdn.com/data/o2_assets/4bf016f32f05d26242cea342f30d47a31595763089.png,,https://www.zomato.com/mumbai/sardar-pav-bhaji-tardeo/order,https://b.zmtcdn.com/data/pictures/2/43212/30a04caa69c5817d045fbcc8fbfe1670_o2_featured_v2.jpg,31 min,Sardar Pav bhaji,,"Street Food, Beverages, Fast Food, Juices",https://b.zmtcdn.com/data/o2_assets/4bf016f32f05d26242cea342f30d47a31595763089.png,https://b.zmtcdn.com/data/o2_assets/0b07ef18234c6fdf9365ad1c274ae0631612687510.png,https://www.zomato.com/mumbai/churchgate-restaurants,https://b.zmtcdn.com/data/o2_assets/4bf016f32f05d26242cea342f30d47a31595763089.png,https://www.zomato.com/mumbai/churchgate-restaurants,https://www.zomato.com/mumbai/say-cheese-charni-road/order,,27 min,Say Cheese,4,"Pizza, Sandwich, Fast Food, Pasta",https://b.zmtcdn.com/data/o2_assets/4bf016f32f05d26242cea342f30d47a31595763089.png,https://b.zmtcdn.com/data/o2_assets/0b07ef18234c6fdf9365ad1c274ae0631612687510.png,Follows all Max Safety measures to ensure your food is safe,https://www.zomato.com/mumbai/churchgate-restaurants,https://b.zmtcdn.com/data/o2_assets/0b07ef18234c6fdf9365ad1c274ae0631612687510.png,https://b.zmtcdn.com/data/o2_assets/4bf016f32f05d26242cea342f30d47a31595763089.png,https://www.zomato.com/mumbai/churchgate-restaurants,4,https://www.zomato.com/mumbai/churchgate-restaurants,https://b.zmtcdn.com/data/pictures/3/36983/ae41f4b1a4000e59e7e32a5def57f784_o2_featured_v2.jpg
https://www.zomato.com/mumbai/winners-pizza-fresh-dough-mohammad-ali-road/order,https://www.zomato.com/mumbai/churchgate-restaurants,42 min,Winners Pizza - Fresh Dough,4.1,"Pizza, Fast Food, Desserts, Beverages",₹300 for one,https://www.zomato.com/mumbai/churchgate-restaurants,https://www.zomato.com/mumbai/churchgate-restaurants,https://www.zomato.com/mumbai/churchgate-restaurants,https://www.zomato.com/mumbai/churchgate-restaurants,https://www.zomato.com/mumbai/churchgate-restaurants,,https://www.zomato.com/mumbai/the-momo-factory-mazgaon/order,https://www.zomato.com/mumbai/churchgate-restaurants,39 min,The Momo Factory,,"Chinese, Momos, Fast Food",https://www.zomato.com/mumbai/churchgate-restaurants,https://www.zomato.com/mumbai/churchgate-restaurants,https://www.zomato.com/mumbai/churchgate-restaurants,,https://www.zomato.com/mumbai/churchgate-restaurants,https://www.zomato.com/mumbai/francescos-pizzeria-kemps-corner/order,,33 min,Francesco's Pizzeria,4,"Pizza, Italian, Fast Food",,,Follows all Max Safety measures to ensure your food is safe,https://www.zomato.com/mumbai/churchgate-restaurants,,,https://www.zomato.com/mumbai/churchgate-restaurants,4,https://www.zomato.com/mumbai/churchgate-restaurants,https://www.zomato.com/mumbai/churchgate-restaurants
https://www.zomato.com/mumbai/sai-samrat-pure-veg-mumbai-central/order,https://www.zomato.com/mumbai/churchgate-restaurants,30 min,Sai Samrat Pure Veg,4.2,"North Indian, South Indian, Chinese, Fast Food, Sandwich, Street Food, Ice Cream, Beverages",₹300 for one,https://www.zomato.com/mumbai/churchgate-restaurants,https://www.zomato.com/mumbai/churchgate-restaurants,https://www.zomato.com/mumbai/churchgate-restaurants,https://www.zomato.com/mumbai/churchgate-restaurants,https://www.zomato.com/mumbai/churchgate-restaurants,https://www.zomato.com/mumbai/churchgate-restaurants,https://www.zomato.com/mumbai/poetry-by-love-and-cheesecake-fort/order,https://www.zomato.com/mumbai/churchgate-restaurants,20 min,Poetry By Love And Cheesecake,,"Desserts, Continental, Salad, Fast Food, Shake, Pasta, Sandwich, Beverages",https://www.zomato.com/mumbai/churchgate-restaurants,https://www.zomato.com/mumbai/churchgate-restaurants,https://www.zomato.com/mumbai/churchgate-restaurants,https://www.zomato.com/mumbai/churchgate-restaurants,https://www.zomato.com/mumbai/churchgate-restaurants,https://www.zomato.com/mumbai/mainland-china-lower-parel/order,https://www.zomato.com/mumbai/churchgate-restaurants,54 min,Mainland China,3.9,"Chinese, Momos, Thai, Asian, Seafood, Sushi, Beverages, Sichuan",https://www.zomato.com/mumbai/churchgate-restaurants,https://www.zomato.com/mumbai/churchgate-restaurants,Follows all Max Safety measures to ensure your food is safe,https://www.zomato.com/mumbai/churchgate-restaurants,,,https://www.zomato.com/mumbai/churchgate-restaurants,3.8,https://www.zomato.com/mumbai/churchgate-restaurants,https://www.zomato.com/mumbai/churchgate-restaurants
https://www.zomato.com/mumbai/cake-walkers-lower-parel/order,https://www.zomato.com/mumbai/churchgate-restaurants,36 min,Cake Walkers,4.2,"Bakery, Desserts",₹300 for one,https://www.zomato.com/mumbai/churchgate-restaurants,https://www.zomato.com/mumbai/churchgate-restaurants,https://www.zomato.com/mumbai/churchgate-restaurants,https://www.zomato.com/mumbai/churchgate-restaurants,https://www.zomato.com/mumbai/churchgate-restaurants,https://www.zomato.com/mumbai/churchgate-restaurants,https://www.zomato.com/mumbai/mealful-rolls-indias-biggest-rolls-fort/order,https://www.zomato.com/mumbai/churchgate-restaurants,30 min,Mealful Rolls - India's Biggest Rolls,3.5,"Wraps, North Indian, Fast Food, Desserts, Beverages",https://www.zomato.com/mumbai/churchgate-restaurants,https://www.zomato.com/mumbai/churchgate-restaurants,https://www.zomato.com/mumbai/churchgate-restaurants,https://www.zomato.com/mumbai/churchgate-restaurants,https://www.zomato.com/mumbai/churchgate-restaurants,https://www.zomato.com/mumbai/keventers-milkshakes-desserts-charni-road/order,,21 min,Keventers - Milkshakes & Desserts,4.3,"Shake, Beverages, Desserts",https://www.zomato.com/mumbai/churchgate-restaurants,https://www.zomato.com/mumbai/churchgate-restaurants,Follows all Max Safety measures to ensure your food is safe,https://www.zomato.com/mumbai/churchgate-restaurants,https://www.zomato.com/mumbai/churchgate-restaurants,,https://www.zomato.com/mumbai/churchgate-restaurants,,https://www.zomato.com/mumbai/churchgate-restaurants,https://www.zomato.com/mumbai/churchgate-restaurants
https://www.zomato.com/mumbai/tewari-bros-mithaiwala-charni-road/order,https://www.zomato.com/mumbai/churchgate-restaurants,20 min,Tewari Bros. Mithaiwala,4.4,"Mithai, Street Food, Fast Food, South Indian, North Indian, Chinese, Desserts, Beverages",₹300 for one,https://www.zomato.com/mumbai/churchgate-restaurants,https://www.zomato.com/mumbai/churchgate-restaurants,https://www.zomato.com/mumbai/churchgate-restaurants,https://www.zomato.com/mumbai/churchgate-restaurants,https://www.zomato.com/mumbai/churchgate-restaurants,https://www.zomato.com/mumbai/churchgate-restaurants,https://www.zomato.com/mumbai/mumbai-bites-girgaum/order,https://www.zomato.com/mumbai/churchgate-restaurants,27 min,Mumbai Bites,,"Pizza, Sandwich, Pasta, Fast Food, Chinese, Desserts, Shake, Beverages",https://www.zomato.com/mumbai/churchgate-restaurants,https://www.zomato.com/mumbai/churchgate-restaurants,https://www.zomato.com/mumbai/churchgate-restaurants,https://www.zomato.com/mumbai/churchgate-restaurants,https://www.zomato.com/mumbai/churchgate-restaurants,https://www.zomato.com/mumbai/kailash-parbat-colaba/order,,23 min,Kailash Parbat,3.8,"North Indian, Chinese, Maharashtrian, Biryani, Fast Food, Street Food, Beverages",https://www.zomato.com/mumbai/churchgate-restaurants,https://www.zomato.com/mumbai/churchgate-restaurants,Follows all Max Safety measures to ensure your food is safe,https://www.zomato.com/mumbai/churchgate-restaurants,https://www.zomato.com/mumbai/churchgate-restaurants,,https://www.zomato.com/mumbai/churchgate-restaurants,3.7,https://www.zomato.com/mumbai/churchgate-restaurants,https://www.zomato.com/mumbai/churchgate-restaurants
https://www.zomato.com/mumbai/flavours-of-china-lower-parel/order,https://www.zomato.com/mumbai/churchgate-restaurants,53 min,Flavours Of China,,"Chinese, Thai, Sichuan",₹350 for one,https://www.zomato.com/mumbai/churchgate-restaurants,https://www.zomato.com/mumbai/churchgate-restaurants,https://www.zomato.com/mumbai/churchgate-restaurants,https://www.zomato.com/mumbai/churchgate-restaurants,https://www.zomato.com/mumbai/churchgate-restaurants,,https://www.zomato.com/mumbai/new-york-burrito-company-1-chowpatty/order,https://www.zomato.com/mumbai/churchgate-restaurants,24 min,New York Burrito Company,3.3,"Mexican, Fast Food, Beverages",https://www.zomato.com/mumbai/churchgate-restaurants,https://www.zomato.com/mumbai/churchgate-restaurants,https://www.zomato.com/mumbai/churchgate-restaurants,,https://www.zomato.com/mumbai/churchgate-restaurants,https://www.zomato.com/mumbai/hotel-gokul-girgaum/order,,31 min,Hotel Gokul,4,"Chinese, North Indian, South Indian, Fast Food, Street Food, Shake",,,Follows all Max Safety measures to ensure your food is safe,https://www.zomato.com/mumbai/churchgate-restaurants,,,https://www.zomato.com/mumbai/churchgate-restaurants,4,https://www.zomato.com/mumbai/churchgate-restaurants,https://www.zomato.com/mumbai/churchgate-restaurants
https://www.zomato.com/mumbai/jai-hind-lunch-home-lower-parel/order,https://www.zomato.com/mumbai/churchgate-restaurants,52 min,Jai Hind Lunch Home,4.3,"Konkan, Malwani, Maharashtrian, North Indian, Seafood",₹350 for one,https://b.zmtcdn.com/data/o2_assets/4bf016f32f05d26242cea342f30d47a31595763089.png,https://b.zmtcdn.com/data/o2_assets/0b07ef18234c6fdf9365ad1c274ae0631612687510.png,https://www.zomato.com/mumbai/churchgate-restaurants,https://b.zmtcdn.com/data/o2_assets/0b07ef18234c6fdf9365ad1c274ae0631612687510.png,https://b.zmtcdn.com/data/o2_assets/4bf016f32f05d26242cea342f30d47a31595763089.png,,https://www.zomato.com/mumbai/junos-pizza-by-eatfit-baking-fresh-since-1974-tardeo/order,https://www.zomato.com/mumbai/churchgate-restaurants,30 min,Juno's Pizza by EatFit - Baking Fresh Since 1974,,"Pizza, Fast Food",https://b.zmtcdn.com/data/o2_assets/4bf016f32f05d26242cea342f30d47a31595763089.png,https://b.zmtcdn.com/data/o2_assets/0b07ef18234c6fdf9365ad1c274ae0631612687510.png,https://www.zomato.com/mumbai/churchgate-restaurants,https://b.zmtcdn.com/data/o2_assets/4bf016f32f05d26242cea342f30d47a31595763089.png,https://www.zomato.com/mumbai/churchgate-restaurants,https://www.zomato.com/mumbai/new-york-waffles-dinges-worli/order,,42 min,New York Waffles & Dinges,3.6,"Waffle, Pancake, Desserts, Shake",https://b.zmtcdn.com/data/o2_assets/4bf016f32f05d26242cea342f30d47a31595763089.png,,,,,,,3.8,https://www.zomato.com/mumbai/churchgate-restaurants,https://www.zomato.com/mumbai/churchgate-restaurants
https://www.zomato.com/mumbai/zaza-22-spice-biryani-fort/order,https://b.zmtcdn.com/data/pictures/chains/9/19823079/f6830f88c1454c3557ced8c28c613e91_o2_featured_v2.jpg,30 min,ZAZA 22 Spice Biryani,4.1,"Biryani, North Indian, Mughlai, Desserts, Beverages",₹350 for one,https://b.zmtcdn.com/data/o2_assets/4bf016f32f05d26242cea342f30d47a31595763089.png,https://b.zmtcdn.com/data/o2_assets/4bf016f32f05d26242cea342f30d47a31595763089.png,https://www.zomato.com/mumbai/churchgate-restaurants,https://b.zmtcdn.com/data/o2_assets/0b07ef18234c6fdf9365ad1c274ae0631612687510.png,https://www.zomato.com/mumbai/churchgate-restaurants,https://b.zmtcdn.com/data/o2_assets/0b07ef18234c6fdf9365ad1c274ae0631612687510.png,https://www.zomato.com/mumbai/noor-mohammadi-hotel-mohammad-ali-road/order,https://b.zmtcdn.com/data/pictures/9/32169/b416267aaebb338750b2114b765b4aaf_o2_featured_v2.jpg,29 min,Noor Mohammadi Hotel,4.1,"Mughlai, North Indian",https://b.zmtcdn.com/data/o2_assets/4bf016f32f05d26242cea342f30d47a31595763089.png,https://b.zmtcdn.com/data/o2_assets/0b07ef18234c6fdf9365ad1c274ae0631612687510.png,https://www.zomato.com/mumbai/churchgate-restaurants,https://b.zmtcdn.com/data/o2_assets/4bf016f32f05d26242cea342f30d47a31595763089.png,https://www.zomato.com/mumbai/churchgate-restaurants,https://www.zomato.com/mumbai/shobhaa-only-veg-parel/order,https://b.zmtcdn.com/data/pictures/3/37683/630013b5f8d3288156bc8f8f2b33f46a_o2_featured_v2.jpg,40 min,Shobhaa Only Veg,4.1,"North Indian, Chinese, Fast Food, Beverages, Desserts, Shake, Sichuan",https://b.zmtcdn.com/data/o2_assets/4bf016f32f05d26242cea342f30d47a31595763089.png,https://b.zmtcdn.com/data/o2_assets/0b07ef18234c6fdf9365ad1c274ae0631612687510.png,Follows all Max Safety measures to ensure your food is safe,https://www.zomato.com/mumbai/churchgate-restaurants,https://b.zmtcdn.com/data/o2_assets/0b07ef18234c6fdf9365ad1c274ae0631612687510.png,https://b.zmtcdn.com/data/o2_assets/4bf016f32f05d26242cea342f30d47a31595763089.png,https://www.zomato.com/mumbai/churchgate-restaurants,,,
https://www.zomato.com/mumbai/mumbai-central-juice-snacks-centre-tardeo/order,https://b.zmtcdn.com/data/pictures/chains/6/18480336/2c1d8299077d55e7094426144eb30c13_o2_featured_v2.jpg,30 min,Mumbai Central Juice & Snacks Centre,3.9,"Beverages, Ice Cream, Sandwich, Fast Food, Pizza, Street Food, Desserts, Sichuan",₹350 for one,https://www.zomato.com/mumbai/churchgate-restaurants,https://www.zomato.com/mumbai/churchgate-restaurants,https://www.zomato.com/mumbai/churchgate-restaurants,https://www.zomato.com/mumbai/churchgate-restaurants,https://www.zomato.com/mumbai/churchgate-restaurants,https://www.zomato.com/mumbai/churchgate-restaurants,https://www.zomato.com/mumbai/chaayos-chai-snacks-relax-churchgate/order,https://b.zmtcdn.com/data/pictures/chains/9/18140649/b9c760bd153007b0dc8ff4cec17f3ee7_o2_featured_v2.jpg,17 min,Chaayos Chai+Snacks=Relax,,"Tea, Cafe, Fast Food",,,https://www.zomato.com/mumbai/churchgate-restaurants,https://www.zomato.com/mumbai/churchgate-restaurants,https://www.zomato.com/mumbai/churchgate-restaurants,https://www.zomato.com/mumbai/hundo-pizza-marine-lines/order,https://b.zmtcdn.com/data/pictures/1/20086991/03110a6ed0e5121d5a19a4f912c4ba97_o2_featured_v2.jpg,26 min,Hundo Pizza,4.1,"Pizza, Italian, Fast Food",https://www.zomato.com/mumbai/churchgate-restaurants,https://www.zomato.com/mumbai/churchgate-restaurants,,,https://www.zomato.com/mumbai/churchgate-restaurants,,,4,https://www.zomato.com/mumbai/churchgate-restaurants,
https://www.zomato.com/mumbai/punjab-grill-fort/order,https://www.zomato.com/mumbai/churchgate-restaurants,28 min,Punjab Grill,4.2,"North Indian, Mughlai, Kebab, Street Food, Desserts, Beverages",₹400 for one,https://www.zomato.com/mumbai/churchgate-restaurants,https://www.zomato.com/mumbai/churchgate-restaurants,https://www.zomato.com/mumbai/churchgate-restaurants,https://www.zomato.com/mumbai/churchgate-restaurants,https://www.zomato.com/mumbai/churchgate-restaurants,https://www.zomato.com/mumbai/churchgate-restaurants,https://www.zomato.com/mumbai/foo-town-churchgate/order,https://www.zomato.com/mumbai/churchgate-restaurants,30 min,Foo Town,,"Asian, Chinese, Sushi, Beverages, Desserts",https://www.zomato.com/mumbai/churchgate-restaurants,https://www.zomato.com/mumbai/churchgate-restaurants,https://www.zomato.com/mumbai/churchgate-restaurants,https://www.zomato.com/mumbai/churchgate-restaurants,https://www.zomato.com/mumbai/churchgate-restaurants,https://www.zomato.com/mumbai/sweet-truth-cake-and-desserts-fort/order,https://www.zomato.com/mumbai/churchgate-restaurants,26 min,Sweet Truth - Cake and Desserts,3.6,"Desserts, Bakery",https://www.zomato.com/mumbai/churchgate-restaurants,https://www.zomato.com/mumbai/churchgate-restaurants,Follows all Max Safety measures to ensure your food is safe,https://www.zomato.com/mumbai/churchgate-restaurants,,,https://www.zomato.com/mumbai/churchgate-restaurants,4,https://www.zomato.com/mumbai/churchgate-restaurants,https://www.zomato.com/mumbai/churchgate-restaurants
https://www.zomato.com/mumbai/ladu-samrat-parel/order,https://www.zomato.com/mumbai/churchgate-restaurants,34 min,Ladu Samrat,4.3,"Maharashtrian, Street Food, Fast Food, Desserts, Beverages",₹400 for one,https://www.zomato.com/mumbai/churchgate-restaurants,https://www.zomato.com/mumbai/churchgate-restaurants,https://www.zomato.com/mumbai/churchgate-restaurants,https://www.zomato.com/mumbai/churchgate-restaurants,https://www.zomato.com/mumbai/churchgate-restaurants,https://www.zomato.com/mumbai/churchgate-restaurants,https://www.zomato.com/mumbai/shakey-wakey-mumbai-central/order,https://www.zomato.com/mumbai/churchgate-restaurants,33 min,Shakey Wakey,,"Sandwich, Rolls, Beverages, Shake",https://www.zomato.com/mumbai/churchgate-restaurants,https://www.zomato.com/mumbai/churchgate-restaurants,https://www.zomato.com/mumbai/churchgate-restaurants,https://www.zomato.com/mumbai/churchgate-restaurants,https://www.zomato.com/mumbai/churchgate-restaurants,https://www.zomato.com/mumbai/afzal-restaurant-1-cst/order,,33 min,Afzal Restaurant,3.9,"Mughlai, North Indian, Chinese, Sichuan",https://www.zomato.com/mumbai/churchgate-restaurants,https://www.zomato.com/mumbai/churchgate-restaurants,Restaurant partner follows WHO protocol,https://www.zomato.com/mumbai/churchgate-restaurants,https://www.zomato.com/mumbai/churchgate-restaurants,https://www.zomato.com/mumbai/churchgate-restaurants,,4,https://www.zomato.com/mumbai/churchgate-restaurants,https://www.zomato.com/mumbai/churchgate-restaurants
https://www.zomato.com/mumbai/celejor-colaba/order,https://www.zomato.com/mumbai/churchgate-restaurants,18 min,Celejor,4.3,"Bakery, Desserts, Fast Food",₹400 for one,https://www.zomato.com/mumbai/churchgate-restaurants,https://www.zomato.com/mumbai/churchgate-restaurants,https://www.zomato.com/mumbai/churchgate-restaurants,https://www.zomato.com/mumbai/churchgate-restaurants,https://www.zomato.com/mumbai/churchgate-restaurants,https://www.zomato.com/mumbai/churchgate-restaurants,https://www.zomato.com/mumbai/copper-chimney-1-fort/order,https://www.zomato.com/mumbai/churchgate-restaurants,30 min,Copper Chimney,,"North Indian, Mughlai, Rolls, Biryani, Kebab, Beverages",,,https://www.zomato.com/mumbai/churchgate-restaurants,https://www.zomato.com/mumbai/churchgate-restaurants,https://www.zomato.com/mumbai/churchgate-restaurants,https://www.zomato.com/mumbai/noto-healthy-ice-cream-fort/order,,21 min,NOTO - Healthy Ice Cream,3.9,"Ice Cream, Mithai, Desserts",https://www.zomato.com/mumbai/churchgate-restaurants,https://www.zomato.com/mumbai/churchgate-restaurants,,,https://www.zomato.com/mumbai/churchgate-restaurants,,,4,https://www.zomato.com/mumbai/churchgate-restaurants,https://www.zomato.com/mumbai/churchgate-restaurants
https://www.zomato.com/mumbai/fried-chicken-cuisine-mohammad-ali-road/order,https://www.zomato.com/mumbai/churchgate-restaurants,37 min,Fried Chicken Cuisine,4.1,"Fast Food, Burger, Beverages, Desserts, Wraps",₹400 for one,https://www.zomato.com/mumbai/churchgate-restaurants,https://www.zomato.com/mumbai/churchgate-restaurants,https://www.zomato.com/mumbai/churchgate-restaurants,https://www.zomato.com/mumbai/churchgate-restaurants,https://www.zomato.com/mumbai/churchgate-restaurants,https://www.zomato.com/mumbai/churchgate-restaurants,https://www.zomato.com/mumbai/mahesh-lunch-home-fort/order,https://www.zomato.com/mumbai/churchgate-restaurants,33 min,Mahesh Lunch Home,,"Seafood, North Indian, Chinese, Mangalorean, Maharashtrian, Biryani, Mughlai, Sichuan",,,https://www.zomato.com/mumbai/churchgate-restaurants,https://www.zomato.com/mumbai/churchgate-restaurants,https://www.zomato.com/mumbai/churchgate-restaurants,https://www.zomato.com/mumbai/dimsum-momo-express-1-fort/order,https://www.zomato.com/mumbai/churchgate-restaurants,29 min,Dimsum Momo Express,3.9,"Chinese, Momos",https://www.zomato.com/mumbai/churchgate-restaurants,https://www.zomato.com/mumbai/churchgate-restaurants,,,https://www.zomato.com/mumbai/churchgate-restaurants,,,4,,https://www.zomato.com/mumbai/churchgate-restaurants
